{"cameraMode":{"drawMode":0,"name":"Shaded","section":"Shading Mode"},"sceneLighting":true,"audioPlay":false,"sceneViewState":{"m_AlwaysRefresh":false,"showFog":true,"showSkybox":true,"showFlares":true,"showImageEffects":true,"showParticleSystems":true,"showVisualEffectGraphs":true,"m_FxEnabled":true},"in2DMode":false,"pivot":{"x":16.560001373291017,"y":1.6700000762939454,"z":-48.16999816894531},"rotation":{"x":0.05068444833159447,"y":-0.10705328732728958,"z":0.005464077927172184,"w":0.9929540157318115},"size":14.57536506652832,"orthographic":true}