{"cameraMode":{"drawMode":0,"name":"Shaded","section":"Shading Mode"},"sceneLighting":true,"audioPlay":false,"sceneViewState":{"m_AlwaysRefresh":false,"showFog":true,"showSkybox":true,"showFlares":true,"showImageEffects":true,"showParticleSystems":true,"showVisualEffectGraphs":true,"m_FxEnabled":true},"in2DMode":false,"pivot":{"x":-40.79999923706055,"y":-3.0899999141693117,"z":-17.299999237060548},"rotation":{"x":-0.1722344160079956,"y":0.006495579145848751,"z":-0.0011325475061312318,"w":-0.9850479364395142},"size":1.732050895690918,"orthographic":true}