{"cameraMode":{"drawMode":0,"name":"Shaded","section":"Shading Mode"},"sceneLighting":true,"audioPlay":false,"sceneViewState":{"m_AlwaysRefresh":false,"showFog":true,"showSkybox":true,"showFlares":true,"showImageEffects":true,"showParticleSystems":true,"showVisualEffectGraphs":true,"m_FxEnabled":true},"in2DMode":false,"pivot":{"x":16.790935516357423,"y":3.6351394653320314,"z":-47.48542785644531},"rotation":{"x":0.05068444833159447,"y":-0.10705328732728958,"z":0.005464077927172184,"w":0.9929540157318115},"size":13.293097496032715,"orthographic":true}