{"cameraMode":{"drawMode":0,"name":"Shaded","section":"Shading Mode"},"sceneLighting":true,"audioPlay":false,"sceneViewState":{"m_AlwaysRefresh":false,"showFog":true,"showSkybox":true,"showFlares":true,"showImageEffects":true,"showParticleSystems":true,"showVisualEffectGraphs":true,"m_FxEnabled":true},"in2DMode":false,"pivot":{"x":22.779329299926759,"y":22.900264739990236,"z":-7.893033027648926},"rotation":{"x":0.06445548683404923,"y":-0.0008962366264313459,"z":0.00005611748565570451,"w":0.9979264140129089},"size":20.33615493774414,"orthographic":true}