{"cameraMode":{"drawMode":0,"name":"Shaded","section":"Shading Mode"},"sceneLighting":true,"audioPlay":false,"sceneViewState":{"m_AlwaysRefresh":false,"showFog":true,"showSkybox":true,"showFlares":true,"showImageEffects":true,"showParticleSystems":true,"showVisualEffectGraphs":true,"m_FxEnabled":true},"in2DMode":false,"pivot":{"x":39.42469024658203,"y":-2.8527984619140627,"z":-15.985000610351563},"rotation":{"x":0.11755621433258057,"y":-0.27618545293807986,"z":0.03405853360891342,"w":0.9532806873321533},"size":2.9592902660369875,"orthographic":true}