{"cameraMode":{"drawMode":0,"name":"Shaded","section":"Shading Mode"},"sceneLighting":true,"audioPlay":false,"sceneViewState":{"m_AlwaysRefresh":false,"showFog":true,"showSkybox":true,"showFlares":true,"showImageEffects":true,"showParticleSystems":true,"showVisualEffectGraphs":true,"m_FxEnabled":true},"in2DMode":false,"pivot":{"x":2.0766375064849855,"y":19.996292114257814,"z":-59.363609313964847},"rotation":{"x":-0.1576719582080841,"y":0.029927155002951623,"z":-0.004767282400280237,"w":-0.987062394618988},"size":36.703739166259769,"orthographic":true}