{"cameraMode":{"drawMode":0,"name":"Shaded","section":"Shading Mode"},"sceneLighting":true,"audioPlay":false,"sceneViewState":{"m_AlwaysRefresh":false,"showFog":true,"showSkybox":true,"showFlares":true,"showImageEffects":true,"showParticleSystems":true,"showVisualEffectGraphs":true,"m_FxEnabled":true},"in2DMode":false,"pivot":{"x":64.91771697998047,"y":71.41020965576172,"z":-108.87712097167969},"rotation":{"x":0.24774125218391419,"y":-0.2225421667098999,"z":0.05857570469379425,"w":0.9411208033561707},"size":30.054338455200197,"orthographic":true}