{"cameraMode":{"drawMode":0,"name":"Shaded","section":"Shading Mode"},"sceneLighting":true,"audioPlay":false,"sceneViewState":{"m_AlwaysRefresh":false,"showFog":true,"showSkybox":true,"showFlares":true,"showImageEffects":true,"showParticleSystems":true,"showVisualEffectGraphs":true,"m_FxEnabled":true},"in2DMode":false,"pivot":{"x":1.7000000476837159,"y":6.099999904632568,"z":-42.599998474121097},"rotation":{"x":-0.0032908886205404999,"y":0.08989100158214569,"z":-0.00024998109438456595,"w":-0.9960125684738159},"size":15.490866661071778,"orthographic":true}