{"cameraMode":{"drawMode":0,"name":"Shaded","section":"Shading Mode"},"sceneLighting":true,"audioPlay":false,"sceneViewState":{"m_AlwaysRefresh":false,"showFog":true,"showSkybox":true,"showFlares":true,"showImageEffects":true,"showParticleSystems":true,"showVisualEffectGraphs":true,"m_FxEnabled":true},"in2DMode":false,"pivot":{"x":31.354459762573243,"y":2.3565969467163088,"z":-10.689424514770508},"rotation":{"x":0.10897142440080643,"y":0.01341903954744339,"z":-0.0014711670810356737,"w":0.9939541220664978},"size":16.36503791809082,"orthographic":true}