{"cameraMode":{"drawMode":0,"name":"Shaded","section":"Shading Mode"},"sceneLighting":true,"audioPlay":false,"sceneViewState":{"m_AlwaysRefresh":false,"showFog":true,"showSkybox":true,"showFlares":true,"showImageEffects":true,"showParticleSystems":true,"showVisualEffectGraphs":true,"m_FxEnabled":true},"in2DMode":false,"pivot":{"x":27.070846557617189,"y":20.557228088378908,"z":4.666256904602051},"rotation":{"x":0.10897142440080643,"y":0.01341903954744339,"z":-0.0014711670810356737,"w":0.9939541220664978},"size":39.52637481689453,"orthographic":true}