{"cameraMode":{"drawMode":0,"name":"Shaded","section":"Shading Mode"},"sceneLighting":true,"audioPlay":false,"sceneViewState":{"m_AlwaysRefresh":false,"showFog":true,"showSkybox":true,"showFlares":true,"showImageEffects":true,"showParticleSystems":true,"showVisualEffectGraphs":true,"m_FxEnabled":true},"in2DMode":false,"pivot":{"x":-0.5212662220001221,"y":30.346050262451173,"z":2.835352897644043},"rotation":{"x":0.11371210217475891,"y":0.026821700856089593,"z":-0.0030713509768247606,"w":0.9931501746177673},"size":57.627220153808597,"orthographic":true}