{"cameraMode":{"drawMode":0,"name":"Shaded","section":"Shading Mode"},"sceneLighting":false,"audioPlay":false,"sceneViewState":{"m_AlwaysRefresh":false,"showFog":true,"showSkybox":false,"showFlares":true,"showImageEffects":true,"showParticleSystems":true,"showVisualEffectGraphs":true,"m_FxEnabled":true},"in2DMode":false,"pivot":{"x":16.752809524536134,"y":0.8847758769989014,"z":-63.265411376953128},"rotation":{"x":-0.15346601605415345,"y":0.2128399759531021,"z":-0.03384001553058624,"w":-0.9644116759300232},"size":25.816675186157228,"orthographic":true}